<?xml version="1.0" encoding="UTF-8"?>
<plugin_manifest xmlns="http://www.elgg.org/plugin_manifest/1.8">
	<name>Language Selector</name>
	<author>ColdTrick IT Solutions</author>
	<version>2.0</version>
	<description>Provides a selector for users to easily change the language</description>
	<website>http://www.coldtrick.com/</website>
	<copyright>(C) ColdTrick IT Solutions 2009 - 2012</copyright>
	<license>GNU Public License version 2</license>
	
	<requires>
		<type>elgg_version</type>
		<version>2011122100</version>
	</requires>
	
	<suggests>
		<type>plugin</type>
		<name>translation_editor</name>
	</suggests>
	
	<category>ColdTrick</category>
</plugin_manifest>