<?xml version="1.0" encoding="UTF-8"?>
<plugin_manifest xmlns="http://www.elgg.org/plugin_manifest/1.8">
	<name>Mobilize</name>
	<id>mobilize</id>
	<author>Per Jensen - Elggzone</author>
	<version>2013.07.11</version>
	<category>plugin</category>
	<description>Elgg mobile responsive plugin</description>
	<website>http://www.perjensen-online.dk</website>
	<repository>https://github.com/Elggzone/Mobilize</repository>
	<copyright>(C) Per Jensen - perjensen-online.dk 2013</copyright>
	<license>GNU Public License version 2</license>
	<requires>
		<type>elgg_release</type>
		<version>1.8</version>
	</requires>
	<admin_interface>simple</admin_interface>
</plugin_manifest>