<?xml version="1.0" encoding="UTF-8"?>
<plugin_manifest xmlns="http://www.elgg.org/plugin_manifest/1.8">
	<name>Image CAPTCHA</name>
	<author>ColdTrick IT Solutions</author>
	<version>2.0</version>
	<description>Use images as a CAPTCHA mechanisme.</description>
	<website>http://www.coldtrick.com/</website>
	<copyright>(C) ColdTrick IT Solutions 2009 - 2012</copyright>
	<license>GNU Public License version 2</license>
 	
 	<requires>
		<type>elgg_version</type>
		<version>2011061200</version>
	</requires>
	
	<screenshot>
		<description>Image CAPTCHA on registration form</description>
		<path>screenshots/registration.png</path>
	</screenshot>
	
 	<category>ColdTrick</category>
</plugin_manifest>