<?xml version="1.0" encoding="UTF-8"?>
<plugin_manifest xmlns="http://www.elgg.org/plugin_manifest/1.8">
	<name>galliComments</name>
	<author>Raez Mon @ Team Webgalli</author>
	<version>1.1</version>
	<category>enhancement</category>
	<category>communication</category>
	<description>Ajaxified comments for Elgg entities</description>
	<website>http://www.webgalli.com/</website>
	<license>GNU General Public License version 2</license>
	<requires>
		<type>elgg_release</type>
		<version>1.8</version>
	</requires>
	<activate_on_install>true</activate_on_install>
</plugin_manifest>
